{
  "accuracy": 0.9665126013778669,
  "precision": 0.9634806275459694,
  "recall": 0.9665126013778669,
  "f1_score": 0.9639362406368666,
  "test_images": 11467,
  "num_classes": 40,
  "evaluated_at": "2026-04-01T22:01:49"
}